{"last_tab":"","trydo_logo_type":"image","trydo_head_logo":{"url":"http:\/\/rainbowit.net\/themes\/trydo\/wp-content\/themes\/trydo\/assets\/images\/logo\/logo.png","id":"","height":"","width":"","thumbnail":""},"trydo_white_logo":{"url":"http:\/\/rainbowit.net\/themes\/trydo\/wp-content\/themes\/trydo\/assets\/images\/logo\/logo-light.png","id":"","height":"","width":"","thumbnail":""},"trydo_symbol_logo":{"url":"http:\/\/rainbowit.net\/themes\/trydo\/wp-content\/themes\/trydo\/assets\/images\/logo\/logo-symbol-dark.png","id":"","height":"","width":"","thumbnail":""},"trydo_footer_logo":{"url":"http:\/\/rainbowit.net\/themes\/trydo\/wp-content\/themes\/trydo\/assets\/images\/logo\/logo.png","id":"","height":"","width":"","thumbnail":""},"trydo_logo_max_height":{"height":"","units":"px"},"trydo_logo_padding":{"units":"px","padding-top":"","padding-right":"","padding-bottom":"","padding-left":""},"trydo_logo_text":"Trydo","trydo_logo_text_font":{"font-family":"","font-options":"","font-weight":"","font-style":"","text-transform":"","font-size":"","color":""},"trydo_scroll_to_top_enable":"yes","trydo_preloader":"no","trydo_social_icons":{"facebook-f":"https:\/\/www.facebook.com\/","twitter":"https:\/\/twitter.com\/","linkedin-in":"https:\/\/linkedin.com\/","instagram":"https:\/\/www.instagram.com\/","pinterest-p":"","vimeo-v":"","dribbble":"","behance":"","youtube":""},"trydo_enable_header":"1","trydo_select_header_template":"1","trydo_header_btn":"1","trydo_header_buttontext":"LET'S TALK","trydo_header_buttonUrl":"http:\/\/rainbowit.net\/themes\/trydo\/contact","trydo_header_sticky":"0","trydo_header_transparent":"1","trydo_footer_enable":"1","trydo_select_footer_template":"1","cta_pre_title":"READY TO DO THIS","cta_title":"Let's get to work","cta_btn_title":"CONTACT US","cta_btn_url":"#","cta_shape_image_show":"yes","cta_shape_image":{"url":"","id":"","height":"","width":"","thumbnail":""},"trydo_copyright_contact":"\u00a9 2020. All rights reserved by <a href=\"#\">Rainbow-Themes.<\/a>","trydo_banner_enable":"1","trydo_select_banner_template":"1","trydo_breadcrumb_enable":"1","trydo_select_banner_image":{"url":"","id":"","height":"","width":"","thumbnail":""},"trydo_banner_image_overlay_color_opt":{"color":"","alpha":"1","rgba":""},"trydo_blog_text":"Blogs","trydo_blog_sidebar":"right","trydo_show_post_author_meta":"yes","trydo_show_post_publish_date_meta":"yes","trydo_show_post_updated_date_meta":"no","trydo_show_post_reading_time_meta":"yes","trydo_show_post_comments_meta":"no","trydo_show_post_categories_meta":"no","trydo_show_post_tags_meta":"no","trydo_enable_readmore_btn":"yes","trydo_readmore_text":"Read More","trydo_show_blog_details_author_meta":"yes","trydo_show_blog_details_publish_date_meta":"yes","trydo_show_blog_details_updated_date_meta":"no","trydo_show_blog_details_reading_time_meta":"yes","trydo_show_blog_details_comments_meta":"yes","trydo_show_blog_details_categories_meta":"yes","trydo_show_blog_details_tags_meta":"yes","trydo_enable_case_study_button":"yes","trydo_enable_case_study_button_text":"CASE STUDY","select_title_bellow_content":"excerpt","trydo_enable_client_name_meta":"yes","trydo_client_name_text":"Client Name","trydo_enable_release_date_meta":"yes","trydo_release_date_text":"Release Date","trydo_enable_project_types_meta":"yes","trydo_project_types_text":"Project Types","trydo_enable_live_preview_meta":"yes","trydo_live_preview_text":"Live Preview","trydo_live_preview_button_text":"Visit Live Site","trydo_enable_portfolio_share":"yes","trydo_enable_portfolio_share_facebook":"yes","trydo_enable_portfolio_share_twitter":"yes","trydo_enable_portfolio_share_linkedin":"yes","trydo_enable_related_portfolio":"yes","trydo_related_portfolio_section_title_before_text":"Related Work","trydo_related_portfolio_section_title_text":"Our More Projects","trydo_404_title":"404","trydo_404_subtitle":"Did you get lost?","trydo_404_desc":"The page you were looking for could not be found.","trydo_enable_go_back_btn":"yes","trydo_404_button_text":"Back To Homepage","redux-backup":1}